id,name,ele,lng,lat,flights,top_pilot,top_dist
26864958,Triglav,2864,13.8365822,46.3782982,2,Igor Okorn,14.30 km
26864590,Škrlatica,2740,13.8209596,46.432805,0,,
1369757737,Mali Triglav,2739,13.8429506,46.3769749,0,,
474849673,Mangart,2677,13.6546459,46.4394593,11,Roman Zechner,124.13 km
1330277039,Jalovec,2645,13.6800326,46.4215623,0,,
2914618317,Visoki Rokav,2644,13.8279054,46.4349427,0,,
2914618312,Veliki Oltar,2621,13.8298937,46.4394626,0,,
2914618308,Velika Ponca,2602,13.8241661,46.4417531,1,Johannes Juri,10.31 km
4980134620,Razor,2601,13.7914537,46.4119028,0,,
5520480736,Vrh Planje,2596,13.6615553,46.4400657,0,,
2914618212,Dolkova špica,2591,13.8148111,46.4257046,0,,
2914618299,Srednji Rokav,2590,13.8287067,46.4333883,0,,
26863316,Kanin / Canin,2587,13.4390292,46.360145,5,Loris Filippini,13.10 km
2143684695,Mali Kanin / Canin basso,2577,13.4375824,46.3571608,1,John Martina Pradeis,5.90 km
5520481732,Mali Jalovec,2574,13.678399,46.4226857,0,,
1595165396,Rjavec,2571,13.8393234,46.3717999,0,,
363608488,Kanjavec,2569,13.8097769,46.3601429,0,,
1369929336,Kanjavec,2569,13.8074689,46.3600425,0,,
4491766057,Grintovec,2558,14.5352155,46.3577076,0,,
2914618219,Glava v Zaplanji,2556,13.8280042,46.3773355,0,,
26864358,Prisank,2547,13.7697143,46.4247004,0,,
2914618216,Dovški križ,2542,13.8429612,46.4410676,0,,
2518368889,Monte Ursic / Vršič,2541,13.4483385,46.3629528,0,,
2418090659,Kredarica,2540,13.8524447,46.3801308,1,Nejc Okorn,9.31 km
2959489693,Jezerska Kočna,2540,14.5219812,46.3587501,0,,
1595165392,Rž,2538,13.8591456,46.3816553,0,,
292263287,Skuta,2532,14.5577388,46.3632574,0,,
2914618294,Spodnja Dolkova špica,2532,13.8178947,46.4231049,0,,
1595165507,Rjavina,2532,13.8808425,46.3918988,0,,
1595165332,Mala Rjavina,2530,13.8767102,46.3904685,0,,
2959494517,Kokrska Kočna,2520,14.5198656,46.3571498,0,,
2959712252,Triglavski Vogel,2517,13.8486834,46.3736245,0,,
2914618296,Spodnji Rokav,2502,13.828766,46.4305861,0,,
1330277049,Stenar,2501,13.8186075,46.4079784,0,,
2518368888,Monte Forato / Prestreljenik,2498,13.4724034,46.3621311,0,,
2914618916,Široka peč,2497,13.8421733,46.4437401,0,,
2914618271,Poprovec,2496,13.8027492,46.3558823,0,,
4430901976,Na Križu,2485,14.5154924,46.3569275,0,,
5489487369,Veliki Ozebnik,2480,13.6794081,46.416019,0,,
5531281364,Vrh Zelenic,2478,13.822327,46.3780036,0,,
1747485297,Dolgi hrbet,2473,14.5458712,46.3631227,0,,
5520480735,Vrh Kozlovke,2473,13.6633216,46.4402043,0,,
2376257108,Špik,2473,13.8143473,46.448813,0,,
2518368883,Cima Lunga / Hudi Vršič,2471,13.4667897,46.3610081,0,,
5510750279,Zvoniki,2470,13.7720865,46.4222669,0,,
2914618244,Mala Ponca,2468,13.8204861,46.4433277,0,,
2914618333,Zvoniki,2465,13.771149,46.4227735,0,,
2914619119,Škrnatarica,2463,13.8494987,46.4435311,0,,
2431526519,Begunjski vrh,2462,13.8544156,46.3903069,1,John Martina Pradeis,3.38 km
3876364456,Štruca,2457,14.5531287,46.3625818,0,,
1843185019,Kranjska Rinka,2453,14.5636689,46.365612,0,,
2518368882,Cima Celso Gilberti / Peči,2453,13.4594385,46.3629718,0,,
2418090661,Planja,2449,13.7874265,46.4070752,0,,
2143684697,Vrh Laške Planje / Lasca Plagna,2448,13.4442668,46.3441175,0,,
5510746556,Planja,2448,13.7856397,46.4064432,0,,
5171115987,Pelc nad Klonicami,2443,13.6720607,46.4057204,0,,
2914618331,Vršak,2440,13.8080441,46.3510065,0,,
2914618214,Dovški Gamsovec,2440,13.8086711,46.4227758,0,,
2518368890,Torre del Forato / Prestreljeniški stolp,2434,13.4692374,46.3610751,0,,
1843185014,Koroška Rinka,2433,14.565127,46.367725,0,,
2143684700,Pod Kaninom,2429,13.4369714,46.3542699,0,,
2418090660,Kukova špica,2427,13.8548087,46.4475309,0,,
2967510062,Glava,2426,13.8434942,46.3819715,0,,
2143684696,Črni Vogel / Cerni Vogu,2422,13.4425654,46.3483531,0,,
2418090686,Vršak,2422,13.8032213,46.3493286,0,,
5182200408,Veliki Pihavec,2419,13.8063176,46.3928822,0,,
2376255709,Lipnica,2417,13.8122333,46.4464823,0,,
4927491717,Zob Kanjavca,2416,13.8186121,46.3582965,0,,
5510746555,Utrujeni stolp,2415,13.7883608,46.4072376,0,,
2914618316,Visoka Vrbanova špica,2410,13.8620787,46.3917185,0,,
471298421,Križ,2410,13.8111513,46.4100787,0,,
2914618225,Gubno,2404,13.8076776,46.4171082,0,,
5576561177,Kanjavčev čop,2403,13.8153613,46.3624336,0,,
2510809399,Lopa / Monte Leupa,2403,13.4942867,46.3703048,0,,
363301055,Veliko Špičje,2398,13.7668899,46.3439268,0,,
5510746203,Goličica,2395,13.6842361,46.4203662,0,,
2914618305,Turn pod Razorjem,2395,13.7929884,46.4151572,0,,
2418090652,Cmir,2393,13.8600533,46.4006524,0,,
471529350,Bovški Gamsovec,2392,13.8126688,46.3982169,0,,
1843185027,Planjava,2392,14.6137204,46.3565325,0,,
2914618209,Debeli vrh,2390,13.8150213,46.3407619,0,,
5489487384,Veliki Pelc,2390,13.6735743,46.4005504,0,,
2914618322,Vrh Hribaric,2388,13.8177372,46.3494762,0,,
2914618329,Zadnji Prisank,2386,13.7774062,46.4224874,0,,
5510749220,Vrh Mlinarice,2383,13.7927046,46.4160819,0,,
5510749219,Šplevta,2382,13.798981,46.4136779,0,,
2914618292,Spodnji Stenar,2381,13.8227925,46.4057858,0,,
1843187729,Štajerska Rinka,2379,14.56734,46.368163,0,,
2418090672,Travnik,2378,13.712816,46.429026,0,,
3100005184,Kotova špica,2376,13.6837297,46.4353327,0,,
2510476375,Mali Dol,2374,13.4415891,46.347313,0,,
2418090674,Velika Mojstrovka,2369,13.7233717,46.4340541,0,,
3823182258,Velika Mojstrovka,2366,13.7271729,46.4360194,0,,
2914618282,Rjavčeve glave,2365,13.856271,46.3962475,0,,
2914618347,Glava za Žlebom,2362,13.8106097,46.365463,0,,
2914618323,Vrh nad Kamnom,2360,13.8096718,46.3942246,0,,
2914618235,Kriški rob,2357,13.8020271,46.4098417,0,,
5510746526,Zadnja Mojstrovka,2356,13.7199202,46.4309397,0,,
2914619120,Šmarjetna glava,2355,13.8270713,46.36434,0,,
1843185025,Ojstrica,2350,14.6372395,46.3639212,0,,
5510746525,Kol,2350,13.709532,46.427612,0,,
777929314,Monte Termine / V Koncu špica,2350,13.6840135,46.4375164,0,,
1595165387,Mišelj vrh,2349,13.8380648,46.3562755,0,,
2418090662,Plaski Vogel,2349,13.7506799,46.3377037,0,,
4226791223,Vrh Osojnic,2348,13.465683,46.3568184,1,Slavomír Adamec,8.88 km
1675512681,Bavški Grintavec,2347,13.6702599,46.369003,0,,
1676708361,Briceljk,2346,13.6318661,46.395005,0,,
2510809396,Monte Cergnala / Hudi Vršič,2345,13.5090241,46.3768795,0,,
4226791214,Grdi vršič,2344,13.4787723,46.360528,62,Poje Jože,105.15 km
4266828229,Vilice,2343,14.6181721,46.3580223,0,,
777929568,Veunza / Vevnica,2341,13.6856871,46.4396715,0,,
2143684698,Vrh Žlebi / Monte Slebe,2339,13.4445824,46.3401971,0,,
2526907690,Srednji Pelc,2338,13.671997,46.3975968,0,,
2510809383,Velika Črnelska špica / Cima Confine,2334,13.5156618,46.3765619,0,,
598214664,Mala Mojstrovka,2333,13.7311241,46.4374004,0,,
777929486,Piccolo Mangart di Coritenza / Koritniški mali Mangrt,2333,13.6744915,46.4401868,0,,
4266828230,Lučka Baba,2331,14.622099,46.3586645,0,,
2914618330,Zadnji Vogel,2327,13.7978208,46.339998,0,,
5040720301,Vrh Labrje,2326,13.7554713,46.3419268,0,,
5497393177,Turn pod Laško Planjo,2324,13.4472361,46.3434522,0,,
5489487381,Mali Ozebnik,2321,13.6684942,46.4071497,0,,
1595165479,Mala Zelnarica,2320,13.7893136,46.3386953,0,,
5497393178,Kamen,2317,13.4445874,46.3407053,0,,
3850365497,Vrh Kraj sten,2314,13.7585062,46.4240354,0,,
5531281402,Slovenski turnc,2313,13.8405311,46.3836047,0,,
5555117648,Vzhodna glava,2313,13.8484845,46.3871683,0,,
471603733,Malo Špičje,2312,13.7831702,46.3517941,0,,
2914618245,Velika Zelnarica,2310,13.7908584,46.3423328,0,,
4226791222,Visoka glava,2310,13.4467359,46.3550246,0,,
5510746523,Šite,2308,13.6916189,46.423074,0,,
1843185022,Mala Rinka,2296,14.569298,46.36576,0,,
3125723721,Kojnc,2295,13.4695043,46.352973,0,,
2914618295,Spodnja Vrbanova špica,2294,13.8691464,46.3965834,0,,
2518368884,Cime Pecorelle / Prestreljeniški vršiči,2290,13.4776565,46.3650938,0,,
3677184231,Konjske Police,2290,13.4997561,46.3712961,0,,
2510809392,Golovec,2285,13.4866505,46.3704214,0,,
4226791279,Ovčji vršič,2283,13.4813257,46.3614203,2,Poje Jože,105.15 km
4226791221,Veliki Talir,2281,13.4530123,46.3572497,0,,
5489487368,Vrh Zelenic,2278,13.6725524,46.4110612,0,,
5315480467,Mala Črnelska špica,2277,13.5175395,46.377517,0,,
777929283,Ponza Grande / Visoka Ponca,2274,13.6974269,46.4602182,1,Loris Filippini,12.67 km
304095171,Tosc,2273,13.8683704,46.3567226,0,,
2914619123,Šplevta,2272,13.8404544,46.4358687,0,,
5543122544,Zelena glava,2268,13.4740609,46.3582132,4,David Hasko,63.66 km
2914618217,Frdamane police,2268,13.8078548,46.4522184,0,,
5510746522,Lopa,2267,13.689791,46.4233541,0,,
2914618256,Nad Kuhinjo špica,2265,13.8633725,46.4018704,0,,
2449596973,Strmi Strug / Cima Strugova,2265,13.6937345,46.4438686,0,,
2525474492,Rateški Mali Mangart / Piccolo Mangart,2263,13.6506708,46.4452077,3,Roman Zechner,26.07 km
1676708362,Morež,2261,13.6409364,46.3986813,0,,
4482003255,Travnik,2260,13.7437022,46.3374589,0,,
3771642290,Vrh nad Mužici,2257,13.8587467,46.4494843,0,,
459740371,Brana,2253,14.5875496,46.3548859,0,,
5510746216,Vrh Travnika,2251,13.7119138,46.4246576,0,,
459739391,Turska gora,2251,14.577207,46.3602964,0,,
2526253539,Luknja peč,2249,13.8924618,46.3958832,0,,
3250655683,Plesišče,2248,13.868217,46.3960235,0,,
26863438,Krn,2244,13.6588774,46.2662189,4,Alberto Dal Maso,66.67 km
777929417,Zadnja Ponca / Ponza di Dietro,2242,13.694973,46.4507182,0,,
2377793265,Veliki Draški vrh,2240,13.87578,46.360202,0,,
2526907685,Oblica,2240,13.6184222,46.3877654,0,,
4294227004,Vršac,2238,13.7417761,46.3329135,0,,
2416278027,Hudičev steber,2237,13.7683816,46.4290163,0,,
474857405,Stol,2236,14.1739772,46.433999,1,Werner Weissmann,14.24 km
5510746521,Šite,2236,13.6941522,46.424347,0,,
5543122389,Vrh Škrbinice,2235,13.4841782,46.3616488,1,Ivan Romic,8.64 km
7801389476,Vrh Krnice,2234,13.6138553,46.3860068,0,,
5510746202,Rob Velike dnine,2231,13.7043768,46.4263493,0,,
2418090688,Čelo,2231,13.7412157,46.329143,0,,
777929268,Ponza di Mezzo / Srednja Ponca,2230,13.6988144,46.4567669,1,Loris Filippini,8.60 km
5510746524,Mala Šita,2229,13.6973011,46.4255672,0,,
5510746560,Prevčev stolp,2228,13.779704,46.4037373,0,,
3812423757,Kalški greben,2224,14.537667,46.3314848,0,,
2914619122,Šplevta,2223,13.8031453,46.3953597,0,,
2914618300,Srednji Vogel,2222,13.7982231,46.3341644,0,,
2914618315,Vernar,2220,13.8614735,46.3612048,0,,
5489487387,Mali Skutnik,2217,13.6780724,46.399768,0,,
2914618247,Mali Prisank,2215,13.7717764,46.4279132,0,,
2914618215,Dovški Pihavec,2215,13.8114024,46.4041004,0,,
2914618229,Kanceljni,2214,13.7776679,46.4040787,0,,
2914618231,Kopica,2213,13.7874268,46.3322182,0,,
5543121793,Turn pod Črnim Voglom,2212,13.446241,46.347546,0,,
2513074861,Rombon,2208,13.5544036,46.3672956,1,Johannes Juri,9.41 km
2466988785,Mrzla gora,2203,14.5783521,46.3771943,0,,
2914618221,Gornja kopica,2202,13.8475175,46.4358073,0,,
2525474489,Monte Traunig / Travnik,2201,13.6490366,46.44668,2,Roman Zechner,26.07 km
5582363945,Špica v Planji,2198,13.6805078,46.430435,0,,
2949467993,Mali Stol,2198,14.1754658,46.4317403,1,Werner Weissmann,14.24 km
5489487321,Špiček,2194,13.6760567,46.4101513,0,,
5520481726,Nad steno,2186,13.6871624,46.4164443,0,,
2914618319,Vodnikov vršac,2186,13.797085,46.3630415,0,,
3840602071,Plešivec,2184,13.6603903,46.4101485,0,,
2914618246,Mali Pihavec,2182,13.8042089,46.3884352,0,,
2914618278,Prvi Vogel,2181,13.8001161,46.3302922,0,,
474858000,Wertatscha / Vrtača,2180,14.2125796,46.4399488,0,,
2914618306,Turn pod Stenarjem,2177,13.8258607,46.4034357,0,,
2910761416,Vrh nad Peski,2176,13.6769406,46.2643467,0,,
2914618248,Mali Razor,2175,13.78832,46.4185227,0,,
4226791217,Mali Talir,2173,13.4586288,46.3519884,0,,
1675512690,Skutnik,2172,13.6703741,46.3865862,0,,
5489487365,Špičica,2172,13.6701465,46.3891885,0,,
5543122412,Zelena čuklja,2170,13.4520453,46.3384489,0,,
2525474407,Visoka špica / Cima alta di Valromana,2166,13.6338159,46.4419788,2,Daniel Perez,7.37 km
4226791220,Veliki Stador,2165,13.4887715,46.3600801,0,,
2400885008,Batognica,2164,13.6683527,46.2633195,0,,
5489487366,Nizki vrh,2162,13.6700123,46.3931697,0,,
5543122390,Vrh Jerebčeve police,2161,13.490468,46.359385,0,,
2510476371,Velika Baba / Baba grande,2161,13.4490077,46.3328901,0,,
5520480729,Na Lopi,2161,13.6548874,46.4339252,0,,
2914619117,Škednjovec,2158,13.8260376,46.3494512,0,,
1675519704,Vrh Brda,2152,13.6597427,46.3626866,0,,
474860432,Velika Baba,2148,14.5559588,46.3793731,0,,
5520481553,Stop,2147,13.6728474,46.4369086,0,,
474855258,Mittagskogel / Kepa,2145,13.9525201,46.5073609,44,Roman Zechner,39.23 km
7686773122,Krnčica,2142,13.6508606,46.2818915,0,,
5489487383,Pelc za Rušo,2139,13.6766267,46.3916638,0,,
5489487382,Zadnji Pelc,2137,13.6732323,46.3954561,0,,
5489487385,Griva,2137,13.679274,46.4007446,0,,
5543121798,Glava nad Laštom,2137,13.4551996,46.3499575,0,,
5543122391,Stador,2136,13.4923375,46.3588056,0,,
1595165434,Srednji vrh,2134,13.6541881,46.2754848,0,,
26863420,Košutnikov turn / Koschutnikturm,2133,14.4101188,46.4464282,1,David Hasko,22.53 km
1936298585,Mali Draški vrh,2132,13.8915731,46.3629699,0,,
26864845,Storžič,2132,14.4048162,46.3502099,0,,
4294240139,Glava za Bajto,2131,13.7417478,46.3257838,0,,
2525474456,Monte Bucher grande / Skala,2131,13.6277406,46.4423801,0,,
4421506709,Macesje / Breitkopf,2130,14.4010554,46.4447015,0,,
1609024487,Cima del Lago / Jerebica,2127,13.5651786,46.3982476,0,,
4482024301,Najvišji rob,2127,14.6211101,46.3520553,0,,
5510746554,Vzhodni stolp Kanceljnov,2127,13.7769145,46.4020856,0,,
474863256,Kordeževa glava,2126,14.779998,46.5003144,3,Gottfried Kaschnig,100.37 km
3125723726,Punta Medon / Prevalski Kuntar,2124,13.4850424,46.3721455,0,,
5543122406,Veliki Babanski skedenj,2119,13.4605882,46.3336915,0,,
5489487356,Šmihelovec,2118,13.667357,46.3756184,0,,
474857453,Krkotnik,2116,14.1785418,46.436718,0,,
2418090673,Trentski Pelc,2116,13.7095943,46.3860889,0,,
4226791219,Velika Gnila glava,2114,13.4683491,46.3482431,0,,
3849384685,Velika Zelenica,2114,14.6673235,46.3611067,0,,
5489487386,Vršac,2113,13.6816907,46.4003211,0,,
5489487358,Veliki Jelenk,2113,13.6670941,46.3836269,0,,
5761587563,Vellacherturm,2110,14.5614726,46.375499,1,Igor Kremsar,4.78 km
5510746527,Suhi vrh,2109,13.7283075,46.4290059,0,,
5462895930,Križnik,2109,14.7576722,46.505528,0,,
1309408820,Končnikov vrh,2109,14.763183,46.504022,26,Manfred Marte,78.00 km
2914618324,Vrh nad Rudo,2108,13.8035949,46.4554423,0,,
2418090655,Goličica,2108,13.7707502,46.3998041,0,,
2956286344,Ledinski vrh,2108,14.5591994,46.3750784,1,Igor Kremsar,4.78 km
2914618210,Dimniki,2104,13.8979746,46.3982141,0,,
528854648,Weinasch / Vajnež,2104,14.1512094,46.4430719,1,David Hasko,57.25 km
5548044928,Ostrv / Kainradlturm,2104,14.4051817,46.4449313,1,David Hasko,22.53 km
474857460,Klagenfurter Spitze / Celovška špica,2102,14.1803625,46.4379947,0,,
3743184630,Koštrunovec,2102,13.8447272,46.356229,0,,
5040736108,Gladki lašt,2100,13.7554513,46.332396,0,,
1313913429,Veliki vrh,2100,14.6693115,46.3575584,0,,
5040743150,Debeli lašt,2096,13.7603123,46.3344935,0,,
1330277041,Kladivo / Hajnzturm,2094,14.3439781,46.4372953,0,,
2914618309,Velika Tičarica,2092,13.7861951,46.3226836,0,,
5489487361,Veliki Pihavec,2090,13.6591253,46.3845705,0,,
5489487357,Zagorelec,2090,13.6705273,46.3791491,0,,
1330277050,Veliki vrh / Hochturm,2088,14.3095563,46.4306401,4,David Hasko,20.06 km
5510746220,Vrh Polic,2087,13.7185979,46.4240567,0,,
2914618258,Ogradi,2087,13.8333304,46.3347237,0,,
1369928139,Tolminski kuk,2086,13.7569367,46.2605885,0,,
4226791216,Mala Gnila glava,2086,13.4637948,46.3460287,0,,
2402201041,Krofička,2083,14.6450274,46.3745707,0,,
2418090685,Zadnjiški Ozebnik,2083,13.782333,46.3690894,0,,
1422666912,Nad Šitom glava,2080,13.7387535,46.4391431,0,,
4421506708,Lärchenberg / Užnik,2080,14.3894113,46.4418805,0,,
2914618275,Prevalski Stog,2079,13.8383137,46.3443478,0,,
5548044921,Pichsov stolp / Pichsturm,2079,14.3977278,46.4446226,0,,
2914618220,Goličica,2078,13.7703494,46.4320353,0,,
2914618290,Vrtaško Sleme,2077,13.8717768,46.451814,0,,
2914618288,Slatna,2077,13.80522,46.3285521,0,,
2418090668,Rušica,2075,13.8066429,46.4580777,0,,
5489487360,Mali Pihavec,2074,13.6571109,46.3824908,0,,
7686768803,Skutnik,2074,13.654042,46.2836047,0,,
3843163120,Mala Tičarica,2072,13.7853712,46.3207245,0,,
1594993025,Raduha,2062,14.7376839,46.4098558,1,Pius Josef,8.24 km
2949452816,Podrta gora,2061,13.7690744,46.2611629,0,,
4208908065,Veliki vrh,2060,14.2298315,46.4216647,1,Igor Kremsar,8.33 km
5510746553,Zidna stena,2059,13.7796181,46.4065357,0,,
2458049343,Tolsta Košuta / Dicke Koschuta,2058,14.4296961,46.4470444,0,,
3026696892,Kalška gora,2056,14.5474128,46.3408396,0,,
2526253604,Veliki Pršivec,2056,13.8869926,46.3813569,0,,
5543121797,Glava nad Skalo,2054,13.4565997,46.3459759,0,,
1369928071,Vrh nad Škrbino,2054,13.7800602,46.2544636,0,,
5489487363,Oplačnica,2052,13.6608902,46.3865928,0,,
5582363911,Turn,2051,13.7834376,46.4200648,0,,
2526969316,Pri Banderi,2051,13.5099038,46.3667495,0,,
519173655,Viševnik,2050,13.8982404,46.3589823,0,,
5582363903,Griva,2050,13.8006708,46.4017139,0,,
5520480810,Rdeča skala,2048,13.6422716,46.4344224,146,Ferdinand Van schelven,173.71 km
5510749188,Germlajt,2048,13.7741142,46.4016066,0,,
2949452817,Zeleni vrh,2047,13.7635812,46.2607541,0,,
2914618675,Turn,2045,13.7667937,46.4185621,0,,
2463517612,Hohe Spitze / Visoki vrh,2044,14.3814244,46.4390402,0,,
5510746546,Lešarjeva peč,2040,13.783531,46.4105212,0,,
2914618255,Na Pečeh,2039,13.8262439,46.4487029,0,,
1595165287,Jezerski Stog,2039,13.8451511,46.3383911,0,,
2949452815,Mali vrh,2038,13.7671728,46.2615709,0,,
5548044936,Malo Kladivo / Kleine Hainschtrum,2036,14.3379139,46.4349913,0,,
1595165486,Veliki Lemež,2035,13.6734914,46.28839,0,,
2464658227,Gubno / Hühnerkogel,2034,13.9611985,46.5006223,0,,
5870794510,Veliki Konj,2034,13.7761098,46.365098,0,,
5548044512,Westliche Dobrowaspitze / Zahodni Oblič,2033,14.4223837,46.4455811,0,,
6790156935,Srednji vrh,2032,13.6774701,46.2600139,1,marco rugo,73.54 km
5543122340,Glava nad Malim dolom,2032,13.4628573,46.3411395,0,,
818878279,Lučki Dedec,2030,14.6377765,46.3523963,0,,
6885787775,Votlo Sleme,2029,13.8723642,46.4546708,0,,
5531281382,Ustoličenje,2029,13.8449273,46.3878194,0,,
2914618320,Votlo Sleme,2029,13.8741598,46.4555232,0,,
3849384686,Molička peč,2028,14.6718006,46.3642227,0,,
474858147,Palec/Selenitza,2026,14.219293,46.443241,0,,
5548044511,Mittlere Dobrowaspitze / Srednji Oblič,2026,14.4235897,46.4453573,0,,
5548044925,Pungrat / Dichte Spitze,2025,14.3656754,46.4386924,0,,
2914618234,Kreda,2025,13.8095393,46.3263159,0,,
3665687088,Vrh Ribežnov,2024,13.5284824,46.375104,0,,
474858073,Zelenjak,2024,14.2148103,46.4430107,0,,
5543121799,Kašarjeva glava,2022,13.4606337,46.3409377,0,,
2418090663,Kuk,2019,13.7217739,46.329489,0,,
5316456183,Eva,2019,13.8401771,46.3416108,0,,
5531281386,Gorenjski turnc,2016,13.8347,46.3847518,0,,
2377793271,Debela peč,2014,13.9333816,46.3905974,0,,
6919810738,Vrh Konte,2014,13.7725977,46.2591589,0,,
1595165348,Škofič,2013,13.6888915,46.2552357,0,,
3803253157,Mala Ojstrica,2013,14.6513905,46.3608146,0,,
5316456184,Adam,2013,13.8387528,46.3408895,0,,
1595165450,Velika Baba,2013,13.7082713,46.2946246,0,,
2526907683,Lopatnik,2012,13.6495106,46.2867989,0,,
2914618207,Brda,2009,13.9257014,46.3850234,0,,
1609339914,Gorenji Krivi rob,2008,13.5561631,46.396337,1,Giovanni Negro,8.83 km
4419293595,Plešivec,2008,13.7196979,46.3927145,0,,
5040819088,Rušje,2008,13.7324971,46.3260572,0,,
2914618218,Glava pod Planjo,2007,13.785503,46.4011621,0,,
5313290916,Ablanca,2005,13.8841747,46.3530187,0,,
826487944,Mahavšček,2005,13.7362383,46.2773744,0,,
2914618311,Veliki grad,2004,13.7742329,46.3422201,0,,
1595165300,Lanževica,2003,13.7248198,46.2967951,0,,
5548044923,Östliche Dobrowaspitze / Vzhodni Oblič,2003,14.4243823,46.4456798,0,,
2914618227,Kal,2001,13.7451876,46.3114843,0,,
5485219550,Toplar,2000,14.3165468,46.4315636,0,,
4210522905,Vrh Korena,1999,14.5541588,46.3150615,0,,
2967269914,Windhöhe / Pišenca,1999,14.3684945,46.4398246,0,,
5489487367,Veliki Turn,1998,13.6700392,46.4124722,0,,
5868122336,Kačji stolp,1996,13.8711244,46.3600597,0,,
1675519711,Vrh Ruš,1995,13.6545997,46.362047,0,,
474857480,Jelenčka/Edelweißspitze,1995,14.1849741,46.4391124,0,,
4881520886,Begunjska vrtača,1994,14.243018,46.4214432,0,,
5543122339,Glava nad Kraljiščem,1992,13.4684309,46.3412617,0,,
2526907684,Mali vrh,1992,13.6385533,46.4321681,147,Ferdinand Van schelven,173.71 km
3885927096,Lärchenturm / Cjajnik,1991,14.3879832,46.4431178,0,,
2526253543,Mali Pršivec,1990,13.8833936,46.3756634,0,,
4210463926,Kompotela,1989,14.5624622,46.3152232,0,,
5531281383,Nemški turnc,1986,13.8386375,46.3848813,0,,
2914618301,Strme police,1982,13.8241277,46.4192659,0,,
5475890123,Draški rob,1981,13.8972813,46.3657625,0,,
5520480338,Vrh Jarečice,1981,13.6435819,46.4391157,0,,
3807422892,Vežica,1980,14.6369166,46.3455796,0,,
2526907678,Kaluder,1980,13.7032719,46.3056315,0,,
818878374,Deska,1978,14.6600003,46.3453109,0,,
2510476372,Baba piccola / Mala Baba,1978,13.4455211,46.3307004,0,,
4881520879,Srednji vrh,1978,14.2237946,46.4205733,0,,
3426546778,Bogatin,1977,13.7350238,46.2816526,0,,
5544885712,Lipanski vrh,1974,13.9200599,46.3786462,0,,
4210463913,Košutna,1974,14.5570092,46.3096842,0,,
2417993900,Visoki Kurjek / Bärenkogel,1973,13.9699781,46.4969465,0,,
252493391,Zvoh,1972,14.5415901,46.3088586,1,Igor Kremsar,3.08 km
1614820926,Mogenza grande / Veliki Snežni vrh,1972,13.5411511,46.3898871,0,,
5543122388,Mali Stador,1970,13.4950083,46.3586774,0,,
474858905,Košutica / Loibler Baba,1968,14.2992343,46.4388195,0,,
1313910553,Dleskovec,1967,14.6822355,46.3539111,0,,
4432653001,Veliki Raskovec,1967,13.8854499,46.2290489,0,,
474860640,Matkova krnica,1967,14.5785676,46.3831765,0,,
2377793276,Mrežce,1965,13.9196018,46.3777593,0,,
2526907694,Vrh Ovčje planje,1965,13.640975,46.3545089,0,,
2914618259,Okroglež,1965,13.9314048,46.386127,0,,
206177207,Rodica,1963,13.8652269,46.2277024,0,,
6789926226,Črna prst,1959,13.7048686,46.2997218,0,,
2377793238,Debeli vrh,1959,13.9089943,46.3722581,0,,
6172808947,Lepa Plevelnica,1959,13.9754474,46.4981892,0,,
2526459437,Velika Montura,1958,13.7117122,46.2870757,0,,
3936027823,Bielschitza/Svačica,1958,14.1910206,46.4443273,0,,
3849351506,Matkova kopa,1957,14.5861893,46.3922503,0,,
5510746545,Lešarjev zob,1956,13.7838694,46.4133561,0,,
5313290892,Vrh nad Rdečim,1956,13.9233819,46.3835251,0,,
5548044510,Klada / Kleinspitz,1955,14.3723857,46.4395519,0,,
6790156934,Glavica,1954,13.6641125,46.2707763,0,,
2914618313,Veliki Selišnik,1954,13.9030145,46.3659726,0,,
3665687089,Prišna glava,1953,13.5354501,46.3714306,0,,
4210658750,Jermanov turn,1951,14.5546478,46.3190607,0,,
4432653000,Mali Raskovec,1945,13.8803191,46.2314905,0,,
1595165340,Mali Šmohor,1944,13.6855661,46.2743488,0,,
5559201349,Arhova glava,1944,13.8647101,46.3712034,0,,
1423339767,Bärentaler Kotschna / Struška,1944,14.1228748,46.4727414,0,,
5313290891,Kredarica,1943,13.9224793,46.3805711,0,,
2525474443,Veliki Grintavec / Grintavec,1943,13.5960656,46.438014,0,,
3854885082,Novi vrh,1942,13.8757909,46.2258927,0,,
2914618272,Prednje Robičje,1941,13.7451567,46.4444525,0,,
4430901975,Mali kup,1941,14.5102264,46.3636494,0,,
1595165513,Veliki Šmohor,1939,13.6869988,46.2794256,0,,
5548044926,Mali turn,1937,14.3327299,46.4323446,0,,
2526459397,Matajurski vrh,1936,13.897285,46.2263868,1,Lino Dani,28.22 km
5586328368,Gumnó,1933,13.7372728,46.4292851,0,,
6790156933,Mali vrh,1931,13.6819741,46.2572941,0,,
1871759091,Techantinger Mittagskogel / Trupejevo poldne,1931,13.8606426,46.5153358,0,,
2418090684,Zadnje Robičje,1930,13.7517892,46.4484251,0,,
26862994,Govca (Olševa),1929,14.6855655,46.4495791,0,,
2914618200,Bela glava,1926,13.7933446,46.3180147,0,,
3792054783,Bele peči,1926,13.8645682,46.5121888,0,,
1369757864,Macesnovec,1926,13.906835,46.403625,0,,
852794045,Lanež,1925,14.7548217,46.4186531,0,,
4337791206,Vrh Škrli,1925,13.7452418,46.2743659,0,,
26862888,Freiberg,1923,14.4093419,46.4888199,10,Manfred Marte,20.56 km
1369927682,Vogel,1922,13.8125179,46.238322,0,,
2525474503,Mala Ruša / Punta dei Camosci,1922,13.610755,46.4416041,0,,
1845695900,Ponza Piccola / Mala Ponca,1921,13.6927892,46.46827,1,Michael Grünebach,3.26 km
4493800447,Srednja peč,1920,14.1903014,46.4356104,0,,
5868128992,Ladja,1919,13.8750578,46.397626,0,,
6789926227,Zelena škrbina,1918,13.707085,46.2916544,0,,
2525474531,Vršič / Ursic di Raibl,1918,13.60038,46.4383392,0,,
5554894019,Rjavka,1918,13.8650629,46.3633855,0,,
7598687624,Vrh Planje,1917,13.7503974,46.2668768,0,,
6789926228,Vrh nad Gracijo,1917,13.732279,46.2925659,0,,
5520481594,Mali Turn,1916,13.6690012,46.4111458,0,,
4881521451,Štanske čeri,1914,14.247842,46.4219489,0,,
1794218014,Rdeči rob,1912,13.6962338,46.2501495,0,,
4797299696,Obel Kamen,1911,14.6748121,46.4506914,0,,
895308487,Slemenova špica,1911,13.7264851,46.4460072,0,,
2914618280,Rigljica,1911,13.8037208,46.4620632,0,,
5510749189,Čelo,1910,13.7708715,46.3965975,0,,
3849417530,Križevnik,1910,14.688533,46.3751887,0,,
474859002,Kofce gora / Hüttenberg,1907,14.3273675,46.4311566,1,Oliver Ogris,12.55 km
3911416279,Maselnik,1903,13.6857132,46.25323,0,,
5313290893,Vrh Razorja,1899,13.9133558,46.3761698,0,,
2914618283,Rušnata glava,1899,13.7846319,46.3128887,0,,
249873130,Vrtaški vrh,1898,13.8878352,46.4552785,0,,
6677743239,Vrh Laških Brežičev,1897,13.5176137,46.3824856,0,,
2526907695,Vršič,1897,13.6334182,46.2968633,0,,
3854885083,Vrh Krnic,1896,13.8095968,46.2399027,0,,
2526459374,Bohinjski Migovec,1896,13.7921225,46.2567216,0,,
2418090678,Velika Tičarica,1893,13.7388035,46.3583006,0,,
3911407113,Veliki Stador,1892,13.6941528,46.2491387,0,,
739472716,Dovška Baba / Frauenkogel,1892,13.9940613,46.4877099,4,Loris Filippini,7.85 km
5548044924,Vetrnik,1890,14.3543646,46.4379586,0,,
2525474453,Mali Grintavec / Torre Guarda,1889,13.592579,46.4364564,0,,
4386690865,Klečica,1889,13.9413848,46.3974092,0,,
5868134933,Zob,1883,13.9353137,46.3916906,0,,
2914618310,Velika glava,1883,13.7707319,46.3628934,0,,
5510746215,Kurja špičica,1882,13.7244478,46.4230195,0,,
5520481605,Mali Turn,1882,13.6684835,46.4129373,0,,
3867600806,Migovec,1881,13.7626072,46.2462064,0,,
206177219,Šija,1880,13.8340636,46.2386466,1,Alberto Dal Maso,26.60 km
2846168798,Mali Stog,1879,13.8490549,46.3314139,0,,
5418661702,Konjski vrh,1878,13.9086726,46.2303292,0,,
2418090669,Stržič,1876,13.7998324,46.4534208,0,,
2418090689,Čisti vrh,1875,13.7522221,46.3556776,0,,
1595165440,Srednji vrh,1874,13.7406542,46.2915417,0,,
5093039337,Bavhica,1873,13.5274959,46.3881709,0,,
3770425318,Vrh Slemena,1873,13.88686,46.3493059,0,,
2418090658,Kališče,1872,13.8435978,46.4263086,0,,
2418090665,Požgana Mlinarica,1871,13.8794529,46.4078788,0,,
4210658744,Škrbina,1871,14.5512232,46.3200116,0,,
3827598634,Debeljak,1870,13.6829821,46.2925007,0,,
2526907682,Lipnik,1870,13.6314701,46.3044791,0,,
2525474471,Monte Guarda / Skutnik,1868,13.5899933,46.4339307,0,,
5489487359,Obljak,1867,13.65097,46.3780231,0,,
1609339902,Cima Inese / Górenji Vogel,1867,13.5522349,46.3926349,0,,
474854065,Ojstri vrh,1866,13.8714386,46.5192053,0,,
5531281392,Skalaški turnc,1865,13.8351694,46.385392,0,,
7590065418,Murnovec,1864,13.881448,46.5182111,0,,
3098403393,Vrh Planje,1863,13.8030295,46.2441539,1,Bryan Moore,99.93 km
4386690864,Vrh Sedla,1862,13.9444592,46.3966985,0,,
6638432701,Kamnitnik,1858,14.1315485,46.4506056,0,,
2914618314,Veliki Vršovec,1856,13.7727689,46.3731246,0,,
2914618233,Kraj Kala,1855,13.755994,46.3068033,0,,
4210522904,Mokrica,1853,14.5702054,46.3156576,0,,
252493392,Krvavec,1853,14.5367454,46.2996823,42,Jost Napret,219.34 km
2959781373,Srednji vrh,1853,14.4392289,46.3394582,0,,
3850358057,Vrh Dlani,1852,13.829534,46.2390877,0,,
5755822442,Gladki vrh,1850,14.6983593,46.4480707,0,,
5770064136,Mali Matajurski vrh,1845,13.8922468,46.2254325,0,,
5063512861,Spodnja Brda,1844,13.9321152,46.3813707,0,,
2967854491,Črna prst,1844,13.9316373,46.2311573,1,Pavol Tropp,27.79 km
2526459496,Žabiški kuk,1844,13.8042063,46.2298643,0,,
818878544,Lastovec,1840,14.6603418,46.3369248,0,,
1845695898,Monte Buona Posta,1840,13.6980596,46.4705291,0,,
2018641182,Schwarzkogel / Kresišče,1839,13.8951836,46.5198282,2,Roman Zechner,25.18 km
2525474536,Velika Ruša,1838,13.6152777,46.4395179,0,,
3792054784,Srednji vrh,1836,13.8507999,46.5064825,0,,
1330277036,Golica/Kahlkogel,1834,14.0546196,46.4914478,1,Gottfried Kaschnig,18.15 km
5418661701,Četrt,1832,13.9165851,46.2307096,0,,
4584529215,Rzenik,1830,14.6331804,46.3280245,0,,
2417993901,Visoki Kurji vrh,1828,13.8883199,46.4963907,0,,
3911407121,Vrh Slop,1827,13.702399,46.2494218,0,,
3461408880,Maloško poldne / Malestiger Mittagskogel,1823,13.8820351,46.5228264,0,,
2914618232,Kovačičeva glava,1822,13.8020958,46.319543,0,,
4419293593,Ušje,1821,13.7266681,46.3978239,0,,
2959781372,Cjanovca,1820,14.4411483,46.3357597,0,,
618840827,Konj,1818,14.637555,46.330938,0,,
2328592861,Kleiner Mittagskogel / Koroška Mala Kepa,1815,13.9430012,46.5114453,1,Lisa Bauer,8.41 km
5601914308,Mali Grintavec,1813,14.4274343,46.3466033,0,,
4230526484,Mojstrovica,1812,13.8938424,46.5032107,0,,
2914618325,Vrtec,1811,13.8059181,46.305308,0,,
2914618307,Vavovje,1810,13.7536893,46.451336,0,,
2526907675,Hudi vrh,1808,13.6298944,46.3109829,0,,
5531281384,Grad,1804,13.8383371,46.386232,0,,
3050748461,Mulaz,1804,13.4436855,46.3336752,0,,
3799753227,Staničev vrh,1804,14.6154375,46.3447999,0,,
4506519286,Macesni,1803,13.8429327,46.3890179,0,,
4421506711,Plešivec / Pleschiwetz,1802,14.4311661,46.4343087,0,,
3876340104,Vratca,1800,14.5283458,46.3703994,0,,
2525474490,Veliki Hlebec / Grande Hlebeg,1799,13.5869536,46.4311495,0,,
4493800716,Srednji vrh,1797,14.2079179,46.430644,0,,
5315480468,Škrbina pod Škrapljo,1796,13.5305938,46.3866954,0,,
26864723,Veliki Snežnik,1796,14.4475649,45.5885047,0,,
5548044503,Pleuniggturm / Plevnikov turn,1795,14.3167144,46.4342024,0,,
2914618270,Hrustnik,1790,13.9045585,46.3535188,0,,
5418661699,Rušni vrh,1787,13.9371765,46.2316725,0,,
4431051569,Mali Selišnik,1787,13.9088432,46.3625336,0,,
2914618238,Kumlehova glava,1785,13.7587331,46.4537791,0,,
7187312054,Na Možeh,1784,14.2329606,46.4335466,0,,
2914618304,Studorski Orlič,1782,13.8029664,46.3020896,0,,
3792803479,Kopišče,1779,13.8450375,46.5081049,0,,
5520481576,Turn v Malem ozebniku,1778,13.663964,46.412339,0,,
3786517850,Rušnata Mlinarica,1777,13.8805204,46.4132497,0,,
2406426130,Rosenkogel / Hruški vrh,1776,14.0065113,46.4813761,0,,
5534570887,Psica,1769,14.390187,46.3488565,0,,
2914618279,Rigeljc,1768,13.7996414,46.3015092,0,,
2526907681,Krasji vrh,1768,13.5923173,46.2893175,5,Gixn Fly,47.63 km
2526907692,Veliki vrh,1764,13.5711217,46.2950137,1,Johannes Juri,7.30 km
4064726680,Korenščica,1764,14.1036639,46.4775803,0,,
793023216,Strelovec,1763,14.6581827,46.3945038,0,,
2914618239,Kurji vrh,1762,13.8052919,46.4663668,0,,
3832725482,Jerebičje,1762,14.5882263,46.4055178,0,,
889389926,Pršivec,1761,13.8211548,46.2973134,1,Botond Szakács,11.47 km
5093039323,Škraplja,1761,13.5335,46.3853546,0,,
7151821848,Laskovec,1760,13.8926369,46.5168433,0,,
2914618223,Griva,1758,13.8134327,46.3079064,0,,
2526969329,Čukla,1756,13.5473511,46.3586648,5,Boris Kováčik,26.04 km
1369819844,Lučka kopa,1755,14.6404042,46.3345136,0,,
4230535193,Tišlerica,1755,13.8959447,46.5127988,0,,
4405899259,Hahnkogel / Klek,1754,14.024862,46.4850963,0,,
7151854956,Črni vrh,1751,13.9077004,46.5197082,0,,
5510750257,Sovna glava,1750,13.7504022,46.4275593,0,,
5924637519,Visoca peč,1749,13.7350061,46.4667125,0,,
2418090651,Ciprnik,1747,13.7400355,46.4687742,0,,
4421498469,Blekowa / Blekova,1746,13.8289772,46.5151505,0,,
5601913891,Bašeljski vrh,1744,14.4187253,46.3455437,1,Igor Kremsar,5.89 km
4881518742,Zgornji Plot,1743,14.2354582,46.4346738,0,,
3850335541,Veliki vrh,1742,14.4979261,46.3716538,0,,
5510746200,Na Lopi,1740,13.7054068,46.430801,0,,
2526459384,Konjski vrh,1739,13.8018155,46.2578029,0,,
474859300,Mala Košuta,1739,14.4383397,46.4429452,0,,
474853716,Woschza / Vošca,1737,13.8180339,46.5101636,0,,
471232435,Vršič,1737,13.7465664,46.4340698,0,,
6251255152,Licjanovec,1733,14.4297018,46.3496408,0,,
3911407122,Naprst,1733,13.705692,46.2518714,0,,
3911254633,Mali Stador,1731,13.6900989,46.246728,0,,
2914618334,Gornji Viševnik,1723,13.8244913,46.3042332,0,,
5531281385,Bavarski turnc,1721,13.8364233,46.3857667,0,,
474846899,Monte Guarda / Skutnik,1720,13.4389903,46.3223215,0,,
2914618327,Zadnja glava,1720,13.7794469,46.4260228,0,,
5545689985,Srednji Snežnik,1719,14.4420701,45.5897151,0,,
2914618211,Dolkova glava,1717,13.8289042,46.4167409,0,,
4865174089,Veliki Javornik (Ženiklovec),1716,14.4027,46.37501,0,,
4331454519,Tolsti vrh,1715,14.3632044,46.3486402,1,Jozef Poje,5.06 km
2914618251,Mesnova glava,1715,13.8917758,46.3407238,0,,
3832725484,Matkov Grintovec,1711,14.586933,46.3989574,0,,
2914618252,Mizica,1711,13.804019,46.4278104,0,,
1264089392,Mala Peca,1710,14.791829,46.492296,0,,
5583828465,Bavha,1706,13.7482363,46.4317623,0,,
3025220971,Vrh Ljubeljščice;Selenitzasattel / Zgornji Plot,1705,14.2372078,46.4321134,0,,
4395104020,Razor,1702,13.5823881,46.4311363,0,,
2914618326,Rutarski vršič,1699,13.8469377,46.4646581,0,,
449773771,Kal,1699,13.6188138,46.3032145,0,,
1595061509,Uršlja gora,1699,14.9615819,46.4855653,1,Mitja Jug,44.99 km
2526907698,Vršiči,1699,13.6265662,46.3177439,0,,
5658025445,Gradišče,1697,14.5274046,46.3057254,1,Tamás Szépe,29.97 km
5315480469,Planja,1695,13.5682453,46.4001749,0,,
5510749192,Debela peč,1695,13.7619424,46.3961924,0,,
420481528,Mali Snežnik,1694,14.4365676,45.5897843,0,,
4493800448,Šija,1693,14.2073316,46.4325631,0,,
7506457181,Gradovec,1692,13.8854483,46.2397531,0,,
471631473,Stegovnik,1692,14.4199623,46.3954402,0,,
2914618303,Studor,1688,13.7938324,46.3021346,0,,
3911407123,Vrh Lipnika,1688,13.7068571,46.2524834,0,,
2526253526,Kremenovec,1687,13.9637963,46.4039205,0,,
5758119121,Mali Javornik,1685,14.4173988,46.3819873,0,,
5545690011,Grčovski vrh,1684,14.4524959,45.5857151,0,,
2418090667,Prednja glava,1684,13.7712029,46.4368204,0,,
1330277043,Komen,1684,14.8463754,46.4181107,0,,
3837977547,Spodnji Plot,1682,14.2376154,46.4302859,0,,
2526459400,Orlova glava,1682,13.8362959,46.2515237,291,Pavel Titov,184.31 km
5545690018,Kindlerjev vrh,1680,14.4542956,45.5872468,0,,
4266908058,Kranjski Dedec,1680,14.6372298,46.333953,0,,
4245909101,Altemaver,1679,14.0827908,46.2369641,0,,
5510750258,Osojna glava,1678,13.7481424,46.4249053,0,,
26864799,Stol,1673,13.4539817,46.27842,23,Frank Spurfeld,157.11 km
4245909140,Gladki vrh,1667,14.0917417,46.2375915,248,Balazs Racz,83.20 km
784221368,Gradišče (Njivica),1667,14.6439237,46.2980481,1,Gábor Dobi,5.93 km
5758097522,Javorče,1667,14.383631,46.382591,0,,
1595165524,Vrh Korit,1664,13.7752725,46.2975776,0,,
2418090681,Veliki Kumleh,1664,13.7624551,46.4574815,0,,
3050748460,Monte Plagne / Vrh Planje,1663,13.4255002,46.3225199,0,,
2526969312,Pirhovec,1663,13.5565105,46.2977038,0,,
4210588368,Kržišče,1658,14.5457708,46.2904553,0,,
2463520781,Paulitschwand,1657,14.5811095,46.4180681,0,,
474853269,Steinberg / Kamnati vrh,1656,13.7763634,46.5176023,0,,
6173378190,Kremant,1654,14.0723175,46.2395841,0,,
2526907691,Svinjak,1653,13.6107892,46.3504189,0,,
2526459392,Lisec,1653,13.9273332,46.2396499,0,,
5510749191,Vrh nad Velikim Prosekom,1653,13.7636107,46.3944646,0,,
4488671630,Koritni vrh,1649,14.6439071,46.306193,0,,
3755603520,Virnikov Grintavec / Kleiner Grintoutz,1649,14.479378,46.4133963,0,,
5510746201,Na Kumlih,1648,13.7031645,46.4317457,0,,
2418090670,Suhi vrh,1645,13.7334441,46.4609017,0,,
474844098,Matajur,1645,13.5294695,46.2121701,19,David Hasko,22.74 km
4226791218,Turn v Skednju,1645,13.48816,46.3418793,0,,
5418661698,Kontni vrh,1643,13.9470738,46.2315816,2,Uros Bergant,202.13 km
2364404010,Kosmati vrh,1643,14.1014649,46.2426989,0,,
2526459395,Mali vrh,1642,13.7893341,46.2715603,0,,
474859455,Petschounik,1640,14.4418315,46.4238209,0,,
5920384607,Žagarjeva glava,1640,13.9039332,46.4066799,0,,
5316456185,Tisovec,1639,13.8572574,46.3346915,0,,
2418090683,Vitranc,1637,13.7497986,46.4732582,0,,
4361355282,Veliki Travnik,1637,14.8134286,46.4229899,0,,
2276767430,Šentanski vrh,1635,14.2541398,46.382238,0,,
2914619125,Žagarjeva glava,1634,13.8262577,46.3263861,0,,
3025201775,Dobrča,1634,14.2526828,46.3806719,0,,
26864352,Porezen,1632,13.9743268,46.1771813,0,,
2526253636,Črteš,1630,13.9532283,46.3904883,0,,
4438844174,Kozlov rob,1630,13.7582963,46.287881,0,,
1748365058,Veliki Muzec,1629,13.411017,46.2890392,4,Leopold Stepan,159.09 km
3680120642,Debeljak,1628,13.603515,46.2914393,0,,
3863626391,Kozji vrh,1628,14.4461332,46.3646227,0,,
474861282,Sadonikhöhe,1624,14.5959725,46.4368202,0,,
5545690019,Karolinov vrh,1624,14.449017,45.5958506,0,,
2525474421,Cima Predil / Predelske glave,1622,13.5787526,46.4259862,0,,
2914618253,Mizčna glava,1622,13.827391,46.3162555,0,,
2914618318,Vodični vrh,1621,13.8406197,46.3043206,0,,
2526253608,Vošni vrh,1621,13.9439016,46.4128273,0,,
2522588267,Monte Larice / Kucerji,1619,13.7008845,46.4744077,0,,
5758681084,Lepi vrh,1619,14.7215462,46.4498757,0,,
7116695906,Jerebikovec,1617,13.7663781,46.5144673,0,,
5418661697,Oltar,1616,13.947401,46.2308228,2,Uros Bergant,202.13 km
4699601775,Zeleni vrh,1615,14.5405813,46.4064428,0,,
4505717225,Grunt,1614,14.2808916,46.4427132,0,,
7504118991,Ruš,1614,14.4361927,46.4018277,0,,
1748365052,Mali Muzec,1612,13.4183984,46.2872538,4,Peter Feichtinger,85.77 km
2526907689,Ruševa glava,1612,13.6370204,46.4062354,0,,
4245860084,Slatnik,1609,13.9936493,46.2373229,4,Petr Hanka,142.79 km
2526459514,Črna gora,1605,13.943436,46.2410603,0,,
2451335946,Možic,1602,13.9949003,46.2417108,2,Juraj Koreň,128.92 km
1313910599,Smrekovec,1600,14.6995791,46.356518,0,,
4245873996,Slatnik,1599,13.9991378,46.2344957,16,Francesco Bianchessi,221.78 km
5456082234,Mala Montura,1598,13.7008216,46.2860669,0,,
5545689969,Glavica,1598,14.448486,45.592735,0,,
7033757802,Kor,1597,13.9968918,46.2372283,9,Francesco Bianchessi,213.96 km
2525474414,Cima dei Mughi / Nemške glave,1597,13.5747477,46.4085006,0,,
2418090654,Glava,1594,13.7308605,46.3502849,0,,
26863275,Jerebikovec,1593,13.9555566,46.4429131,0,,
5545690020,Kališki vrh,1593,14.4506156,45.5983654,0,,
6816894268,Vratca,1591,14.3426143,46.3533773,9,Rostislav Vondra,56.93 km
3020913304,Boskovec,1588,14.9110436,46.3808864,0,,
3021062696,Ojstri vrh,1584,14.8979084,46.3792252,0,,
6898762773,Bela peč,1583,14.3798482,46.3775762,0,,
5235984527,Kuklarji,1582,14.6221535,46.3077756,0,,
2364404004,Javorov vrh,1580,14.0768315,46.2529956,0,,
2895944535,Veliki Koteh,1578,13.5779322,46.4087179,0,,
1330277048,Smrekovec,1577,14.8988212,46.4181212,0,,
4876768340,Kamniški dedec,1576,14.6034377,46.3375354,0,,
2365859040,Kačji rob,1575,14.0568049,46.2423794,0,,
2659082106,Kališnikturm,1575,14.4542547,46.4567285,0,,
2365859085,Šavnik,1574,13.9846545,46.2420483,0,,
5754093333,Presečnikov vrh,1573,14.7913721,46.4252351,0,,
4486812379,Poljanski rob,1570,14.652751,46.2878743,0,,
2526459379,Grušnica,1570,13.7504112,46.2392423,0,,
5162621972,Rjava skala,1570,13.832945,46.2618932,0,,
581869091,Kosmatitza,1569,14.1977792,46.4598249,0,,
3485224283,Kukeschhöhe,1567,14.7092567,46.4807745,0,,
1595044284,Medvedjak,1564,14.8906015,46.3650384,3,Sebastjan Podbregar,94.82 km
2914618293,Špica v Sedelcih,1564,13.7655461,46.45013,0,,
26862589,Blegoš,1562,14.113529,46.1649365,3,Marko Kejžar,56.42 km
1748365055,Nad Ohojami,1562,13.3990781,46.2919021,0,,
5545690004,Holarinski vrh,1559,14.45885,45.585411,0,,
2526459385,Kopica,1557,13.8743184,46.2417924,0,,
2526907677,Javoršček,1557,13.5977074,46.3140764,0,,
3028197907,Veliki Rogatec,1557,14.7411058,46.3197084,0,,
3021055119,Smrekovec,1556,14.8967257,46.3729748,0,,
4486812380,Bukovec,1553,14.6659491,46.2943201,0,,
2526907687,Planja,1553,13.6148275,46.4262378,0,,
1641750727,Petelinjek / Hahnenwipfel,1552,13.7334012,46.518767,25,Roman Zechner,75.02 km
2464591516,Kotschna / Ptičji vrh,1551,14.0883483,46.4852679,0,,
6858505728,Dedec,1550,14.551676,46.3016502,0,,
2526459389,Lajnar,1549,14.0063,46.2301167,1721,Dusan Oroz,323.93 km
4245874027,Dravh,1548,14.0136242,46.2326284,221,Arduino Persello,311.96 km
4897581239,Stan,1546,13.8946401,46.4020535,0,,
2526907705,Črni vrh,1544,13.6687745,46.32591,0,,
2418090664,Požar,1543,13.8861724,46.4205321,0,,
26862749,Črni vrh,1543,15.2332048,46.485617,0,,
3850321607,Kravja Črna gora,1542,13.9603254,46.2400444,0,,
771614250,Velika kopa,1541,15.198069,46.506693,0,,
3687895401,Monte della Colonna / Visoka glava,1540,13.5254627,46.2181033,0,,
4634526419,Špik,1538,14.1150462,46.167297,4,Marko Kejžar,56.42 km
6173378189,Žbajnek,1538,14.0500708,46.2426708,0,,
2526253547,Mesnovec,1538,13.9452933,46.3373984,0,,
419854769,Jezerski vrh,1537,15.2644016,46.4938123,0,,
4979422594,Jaška,1536,14.6460675,46.3244684,0,,
410278923,Mali Črni vrh,1536,15.2539078,46.4959124,0,,
260052041,Mulejev vrh,1533,15.3130124,46.4712854,0,,
3770439403,Glava,1525,13.8993302,46.3430707,0,,
344591473,Hühnerkogel / Košenjak,1522,15.0300703,46.6451711,0,,
403571930,Monte Urazza,1521,13.3998203,46.3262205,0,,
2914618240,Lengarjev Komen,1520,13.8874021,46.4476998,0,,
2418090687,Čelesnik,1520,13.9114916,46.4567075,0,,
260052043,Rogla,1517,15.345948,46.456485,0,,
2418090656,Grlo,1516,13.7259683,46.4513307,0,,
1748365048,Gnjilica,1516,13.3837576,46.291332,1,Jan Soukup,14.97 km
3021174330,Konski vrh,1515,14.8846926,46.3625741,0,,
1369926555,Hoč,1514,13.9882196,46.1929552,0,,
2526907693,Vovenk,1513,13.68565,46.3169056,0,,
5520480368,Turn,1513,13.6665469,46.4315682,0,,
5510749193,Ruševa glava,1508,13.7631494,46.4058994,0,,
421008446,Peč / Ofen / Monte Forno,1508,13.7140622,46.5229856,2,Roman Zechner,7.87 km
26865108,Vivodnik,1508,14.8163271,46.2573627,0,,
2417993899,Planičca,1508,13.9406054,46.48399,0,,
7482860303,Bukovec,1506,14.4502162,46.3934143,0,,
5758106777,Rohotje,1504,14.401241,46.3827832,0,,
4253916125,Mali vrh,1504,13.9567746,46.239461,0,,
3029236761,Polna peč,1503,14.2561496,46.4388698,0,,
5758104993,Maljevec,1502,14.3932863,46.3848219,0,,
2914618241,Lengarjeva glava,1498,13.8911878,46.4234906,0,,
4253910175,Kobla,1498,13.9650643,46.2338617,2,Fons de Leeuw,205.75 km
260052042,Ostruščica,1498,15.323525,46.4585083,0,,
2517534823,Monte Coppa / Kopa,1496,13.707025,46.5147328,0,,
3416677193,Mali Golak,1495,13.8643384,45.9785962,0,,
2526253600,Trta,1491,13.9132544,46.4125551,0,,
6900434854,Voket,1489,13.8304667,46.2942804,0,,
6566507463,Nizki vrh,1488,13.3916719,46.2913209,3,pavol sliva,50.97 km
2365859083,Črni vrh,1486,14.0120091,46.2474489,0,,
2526253556,Miščovec,1486,13.9092607,46.3392872,0,,
2526969333,Špik,1482,13.5422233,46.3019197,0,,
2526459459,Visoč vrh,1482,13.6949654,46.2350817,2,Jindra Sedlacek,33.53 km
2525474427,Col di Mezzo,1481,13.5713794,46.4035539,0,,
2418090690,Črni vrh,1481,13.8119485,46.4717882,0,,
5455918129,Vrh Duplja,1481,13.6962795,46.2926131,0,,
4841547032,Veliki Golak,1480,13.8786452,45.9730454,0,,
4841547025,Srednji Golak,1480,13.8727045,45.9750192,0,,
5235986700,Kobilna dolina,1479,14.6292434,46.306513,0,,
6189840178,Grebenc,1479,14.3767147,46.3473762,0,,
5868151522,Ravnik,1477,13.935492,46.3995479,0,,
6716400422,Borovlje,1476,13.9509035,46.4809023,0,,
1794170646,Vrh Lipnika,1476,13.5206292,46.3025354,3,Christian Furrer,41.13 km
2526459382,Kobilja glava,1475,13.7954166,46.1902056,82,Viera Stieberova,103.61 km
45450434,Kriška gora,1472,14.3324367,46.3516297,110,Jure Kurnik,135.66 km
2526969320,Veliki Polovnik,1471,13.5142232,46.303422,0,,
5313290895,Stari Lom,1469,13.9131036,46.3451113,0,,
5753445259,Oranjšca,1466,14.9538521,46.4924686,0,,
2836467804,Peščina,1466,14.414835,45.5673516,0,,
2418090666,Predelov vrh,1460,13.9015176,46.4309448,0,,
5021691078,Visoki vrh,1459,14.5248422,46.3851867,0,,
4486811383,Debeli rob,1459,14.6618374,46.2814707,0,,
4174908463,Nad Pečem,1458,13.5266439,46.3018429,0,,
2836467821,Zatrep,1458,14.4034624,45.5419403,0,,
3902613649,Volovica,1455,15.2810975,46.4444812,0,,
260052044,Kraguljišče,1454,15.3158222,46.4478139,0,,
2526907679,Kolovrat,1454,13.5925412,46.4120668,0,,
4361264139,Petelin,1448,13.9932004,46.4343729,0,,
2761647885,Monte Glava,1446,13.5453654,46.2111551,0,,
2761647887,Veliki vrh / Monte Grande,1446,13.539345,46.214955,0,,
6027197215,Mali Kumleh,1443,13.7653751,46.4613098,0,,
693227444,Kranjska reber,1440,14.7111015,46.2844458,0,,
4245874000,Jelenov vrh,1437,13.9838622,46.2486269,0,,
2836203743,Dušovec,1432,14.4154948,45.540964,0,,
3863626416,Turni,1432,14.4365964,46.3660762,0,,
5351564261,Javorov vrh,1427,14.4638601,46.3245488,0,,
7111620953,Starec,1426,14.456939,46.3474078,0,,
3028197908,Lepenatka,1425,14.7404389,46.3099017,0,,
260052045,Pesek,1423,15.3416194,46.4685139,0,,
4855600621,Hum,1423,13.9946907,46.1671101,0,,
2365859088,Štonah,1422,14.029087,46.2519383,0,,
5758110789,Pečica,1421,14.3911016,46.3916922,0,,
2836203749,Ilovca,1418,14.434973,45.5344623,0,,
4855600020,Medrce,1411,13.9834339,46.169273,0,,
7176216373,Partizanski vrh (Kotlič),1411,14.1388223,46.2754133,0,,
5318537867,Rigelj,1409,14.6287422,46.2993675,0,,
495961407,Mrzovec,1407,13.805673,45.9782759,0,,
5235988942,Šimnovec,1402,14.6266712,46.3038904,0,,
5021691079,Javornik,1399,14.5213981,46.388421,0,,
1842658780,Medvedova glava,1396,14.4865795,45.5680959,0,,
2365859042,Koprivnik,1393,14.1402218,46.1760027,0,,
2526253522,Kokošinjca,1393,14.0124523,46.3428766,0,,
2836467494,Lavrihov vrh,1391,14.4374031,45.5294788,0,,
4361355279,Kočnikov vrh,1391,14.8514253,46.425963,0,,
2836467820,Zaknovec,1390,14.4091648,45.5321449,0,,
1594993009,Potoški vrh,1390,14.7212726,46.4668763,0,,
2914619116,Črna gora,1387,13.9116965,46.4350836,0,,
5753221606,Robič,1384,14.3293591,46.4082364,0,,
2914618285,Sedla,1381,13.7685547,46.4483401,0,,
2914619124,Šupca,1381,13.7404663,46.4154159,0,,
7112039791,Akle,1380,14.4624362,46.3443708,0,,
2914618222,Gornov Komen,1377,13.8816574,46.4429452,0,,
2526253513,Jerebikovec,1375,13.9628946,46.3594072,0,,
4375244801,Lipenšči vrh,1375,13.9572905,46.3541544,0,,
1811180119,Mladi vrh,1374,14.16347,46.17344,0,,
2836203742,Bukove,1370,14.3775362,45.5602115,0,,
2914618298,Srednja gora,1369,13.9171165,46.4188013,0,,
2526253509,Jeličnik,1369,13.9944182,46.3273372,0,,
2526253496,Frčkov vrh,1369,13.9489512,46.4236684,0,,
344591611,Jantschkifels,1368,15.0631276,46.651854,0,,
2836467493,Kruljčev vrh,1367,14.3791026,45.5929989,0,,
2526253632,Črni vrh,1366,14.0756077,46.4632814,0,,
1369801988,Goli vrh,1363,14.0019089,46.3307443,0,,
2836203752,Kameni vrh,1362,14.4138265,45.55511,0,,
1369802538,Petkovec,1362,13.9437971,46.35717,0,,
1369936535,Petelinovec,1362,13.8008968,45.9762368,0,,
2526459399,Mrzli vrh,1360,13.695249,46.2190157,18,simon oberrauner,181.36 km
4855600666,Kopa,1360,14.0043934,46.1632589,1,Csaba Luczy,26.31 km
2271511500,Mrzli vrh,1358,13.5623672,46.2097247,205,Peter Wallner,91.12 km
6187901575,Ojstrovica,1358,13.8198717,45.9936548,0,,
2526253505,Javorski vrh,1355,13.9438867,46.3099248,0,,
4849443618,Špehovše,1355,14.0954798,46.1656941,0,,
3954773922,Veliki Modrasovec,1355,13.8495784,45.9364729,0,,
2836467812,Timani vrh,1351,14.4327199,45.5280787,0,,
2526253492,Biščekova glava,1351,13.9221886,46.422301,0,,
2914618276,Pri Turnih,1349,13.9173154,46.4363844,0,,
2364403982,Grebel vrh,1348,14.0952851,46.2245923,0,,
5753226951,Bela peč,1346,14.3145888,46.4046025,0,,
260120902,Žigartov vrh,1346,15.4870761,46.4945538,0,,
4497011117,Javoršček,1344,14.7637073,46.2539071,0,,
288522986,Veliki vrh,1344,15.448188,46.443306,0,,
4855600702,Črtov rob,1344,14.0072893,46.168056,0,,
4855600698,Konjsko brdo,1344,13.9903907,46.1733969,0,,
2418090691,Škrbinjek,1341,13.7727935,46.4662142,0,,
260120904,Klopni vrh,1340,15.3921011,46.4980761,0,,
3902613650,Mizni vrh,1340,15.4092953,46.4873186,0,,
1595061517,Črni vrh,1335,14.9767339,46.4924489,0,,
3809179739,Španov vrh,1334,14.0696288,46.4596225,0,,
2526253579,Pleša,1331,14.0305946,46.3356802,0,,
3978882502,Plešivec,1330,14.7008251,46.2733488,0,,
2364404003,Tonderškofel,1326,14.0288585,46.2365562,0,,
5756071861,Primožkovi hribi,1326,14.3523945,46.409068,0,,
5487315001,Srednji vrh,1323,13.5655349,46.2089392,261,Richard Fritz,104.12 km
7529183176,Robniške peči,1323,14.4607866,46.4122669,0,,
2836203751,Javor,1323,14.3841183,45.6116027,0,,
3999901728,Veliki rob,1313,13.5754642,46.3612399,0,,
26864864,Suhi vrh,1313,14.0670522,45.7983097,0,,
2914618237,Kukla,1311,13.7547884,46.402283,0,,
6173378191,Erbelc,1308,14.0330914,46.2335896,0,,
3979470129,Črni vrh,1307,14.1794188,46.2841091,0,,
4254134513,Otavnik,1306,13.9648803,46.1667967,0,,
3954773919,Mali Modrasovec,1306,13.8536081,45.9302568,0,,
2570560517,Kojca,1303,13.9267849,46.1537819,0,,
2365859039,Javorjev vrh,1303,14.0892213,46.2700578,0,,
4869292844,Smoletovše,1300,14.0772001,46.1682382,0,,
441523789,Veliki Razbor,1300,14.3798301,45.5390897,0,,
1594993005,Orožev vrh,1300,14.8126217,46.4545598,0,,
2836467801,Orlovica,1299,14.4358313,45.5230361,0,,
2526253571,Planski vrh,1299,14.0489098,46.4216125,0,,
5600583621,Poldanovec,1299,13.8327945,46.0097766,0,,
590611024,Debeli vrh,1299,14.0491048,45.7951064,0,,
2526459386,Krikov vrh,1298,13.783779,46.2092356,0,,
5510746540,Maklena peč,1298,13.7361503,46.4141032,0,,
5924484308,Dedna gora,1293,14.3780191,45.6576838,0,,
4855600630,Držetina,1291,14.0003899,46.1602066,44,Pál Tarpataki,47.04 km
4042916411,Črni vrh,1288,14.0611143,46.1629118,0,,
2418090653,Glava,1283,13.7080785,46.3454735,0,,
5351565939,Potoška gora,1283,14.4535523,46.3155946,0,,
1812388421,Prva ravan,1282,14.1198127,46.1543208,0,,
3954773921,Suhi vrh,1280,13.8137243,45.9401017,0,,
2836467498,Mlačica,1279,14.3878359,45.6069785,0,,
1594993036,Veliki vrh,1278,14.7168232,46.4202823,0,,
4245941351,Pašni vrh,1277,14.1185244,46.2559456,0,,
1883527446,Srednja gora,1275,14.0720132,45.8711103,0,,
2365859071,Vršan vrh,1275,14.0800188,46.3051071,0,,
2365859043,Kovk,1274,14.0889932,46.1756503,0,,
1594993030,Sedlo,1274,14.7883594,46.4095107,0,,
2914618250,Mavrinc,1272,13.7694062,46.4551003,0,,
26862532,Basališče,1272,15.2400871,46.3901952,0,,
2526459401,Ploča,1270,13.8544842,46.212743,0,,
2526253560,Oblek,1269,14.011767,46.4217257,0,,
2704978326,Veliki Javornik,1269,14.2949783,45.7580588,0,,
4715009378,Robija,1269,13.9523192,46.1772826,0,,
5758139110,Vetrh vrh,1268,14.3841473,46.3983576,0,,
2704978298,Debeli vrh,1267,14.3082417,45.7534121,0,,
3954773920,Selovec,1265,13.8064915,45.9360777,1,Stanislav Třebeška,38.21 km
2517441236,Galetovec,1265,14.0370227,46.3314138,0,,
2365859084,Črni vrh,1264,14.0940134,46.3006833,0,,
4843194828,Pleša,1262,14.0546493,45.7725995,1,dean lozei,11.11 km
1842880726,Škodovnik,1260,14.4009863,45.6756862,0,,
495961408,Črni vrh,1260,13.788256,45.9644061,0,,
5236027034,Kamniški vrh,1259,14.5798137,46.2879294,0,,
460416044,Turn,1259,14.0363539,46.3391119,0,,
1595044309,Staknetov vrh,1258,14.9135582,46.4332802,0,,
2365859060,Pod robom,1258,14.0952963,46.1633696,0,,
4652626087,Debeli vrh,1255,14.655919,45.6754956,0,,
4643982840,Turn,1254,14.7082201,45.687918,0,,
2836467811,Strgarija,1254,14.3585032,45.6466001,0,,
6362836758,Javorje,1252,15.2484482,46.3901273,0,,
3680147562,Planjava,1251,14.5721672,46.2881941,0,,
2761647895,Monte Nalasco/Sleme,1251,13.5630151,46.2012288,0,,
2836467814,Velika Ojstrica,1250,14.3471736,45.5753392,0,,
4245941350,Jesenovec,1247,14.116407,46.251745,1,István Pál,51.79 km
1662334611,Kuk,1243,13.6194867,46.1956452,114,Poje Jože,143.38 km
2836467803,Petehovec,1241,14.4186544,45.5196244,0,,
1330277040,Javornik,1241,14.0718907,45.8958985,0,,
5318462942,Boljunov vrh,1240,14.0569118,45.7927875,0,,
2704978327,Veliki Kožljek,1240,14.3018785,45.7472041,0,,
2526907680,Kozji breg,1240,13.61204,46.3286408,0,,
2497172622,Kucelj,1237,13.8250471,45.9287382,7,Florian Mcgyver,39.29 km
6085195290,Slaparjeva gora,1237,14.4778032,46.3190946,0,,
26863902,Monte Mia,1237,13.4786332,46.2216914,0,,
2497173317,Veliki rob,1237,13.80295,45.9343946,2,Stanislav Třebeška,38.21 km
4505981165,Kalič,1236,14.316226,45.7546895,0,,
5951964012,Bička gora,1236,14.4190472,45.6629955,0,,
4847157417,Mali Razbor,1235,14.3689289,45.5439898,0,,
5674740225,Sušni breg,1231,14.6732488,45.6655893,0,,
260052047,Sedovec,1231,15.5348819,46.4963513,0,,
4652490318,Rezinski vrh,1231,14.7136199,45.6884049,0,,
1650812032,Na Vrhu,1231,13.5240995,46.2638995,1,Richard Fritz,57.81 km
2526907686,Petričevec,1229,13.6042875,46.3959751,0,,
5753445440,Kozamurški vrh,1227,14.9371422,46.4290868,0,,
6286330867,Kuk,1224,13.6374369,46.2675173,0,,
3863685453,Srednje brdo,1224,13.7102049,46.4817936,0,,
1595044298,Mrzli vrh,1224,14.871629,46.3775628,0,,
2526253534,Lenčkov Špik,1223,14.0767979,46.4477763,0,,
2836467496,Mala Ojstrica,1222,14.3483377,45.570876,0,,
7746886872,Vrh prtovke,1222,14.3815131,45.6020175,0,,
5461528309,Urhov grič,1222,14.2878861,45.7618593,0,,
1594992984,Kneževa špica,1222,14.7869714,46.451907,0,,
2836203753,Kljunovec,1221,14.3559659,45.5543536,0,,
26863446,Kum,1220,15.0741663,46.0883324,0,,
5753445441,Osekani vrh,1220,14.9316751,46.4327397,0,,
2704978311,Mali Javornik,1220,14.2793161,45.7644821,0,,
2836467809,Rakitni vrh,1220,14.3401784,45.5720669,0,,
1594992987,Ludranski vrh,1219,14.8473587,46.4537611,0,,
5758128112,Zadnji vrh,1218,14.3645324,46.3945589,0,,
1883583775,Dedni vrh,1217,14.0792218,45.8898894,0,,
1811179198,Stari vrh,1217,14.1763569,46.1705354,5,Andrej Erznožnik,115.65 km
1594993055,Veselk,1215,14.8633015,46.452794,0,,
6085227498,Hude stene,1208,14.4841903,46.3185505,0,,
4941668350,Grmada,1207,14.0425861,45.7775329,1,Zoltán Kómár,12.27 km
4720150822,Črni vrh,1204,14.968758,46.1939428,0,,
4501952986,Ravni hrib,1204,14.6344999,46.2775538,0,,
2836203755,Košmatovka,1201,14.339084,45.5840296,0,,
4634526592,Kovk,1201,14.0857857,46.1591357,0,,
2290172370,Grmuč,1196,13.7074762,46.2175447,2,Saulius Sinkunas,3.74 km
2836203756,Kovačeve Ogence,1194,14.3461653,45.5589294,0,,
5487315002,Glava,1193,13.572616,46.2018778,2,gerhard Scheffknecht,49.83 km
474842751,Monte Nachnoi / Nagnoj,1193,13.6336132,46.1917912,0,,
5674783090,Cerk,1192,14.7645238,45.5465578,0,,
5658025447,Turna,1192,14.5166864,46.3071322,0,,
5628401452,Stanov rob,1191,13.8168518,46.0206117,0,,
1370001188,Smrečnica,1190,14.350933,45.6842359,0,,
5755822263,Mali vrh,1190,14.7138061,46.4173941,0,,
2836203746,Gomila,1190,14.3675369,45.6080621,0,,
2497173642,Čaven,1186,13.7964835,45.9338542,0,,
5753832608,Tolsti vrh,1185,14.9470918,46.4296431,0,,
4720150819,Veliki vrh,1184,14.9736663,46.1940031,0,,
4841547033,Kališče,1184,13.8672543,45.9603597,0,,
2526253582,Police,1184,14.0126687,46.40111,0,,
4972661948,Belska kopa,1184,14.6121249,46.3224675,0,,
7179456316,Veliki Turn,1183,14.3383623,46.359448,0,,
260120901,Ledinekov kogel,1182,15.5548778,46.5066667,0,,
5510746152,Glava nad Malim Prosekom,1182,13.759582,46.3887777,0,,
1212124763,Sveta Gera,1178,15.3181237,45.7598005,0,,
4361458997,Konjščica,1177,14.8881427,46.3513803,0,,
1883586870,Habatov vrh,1176,14.0574774,45.9022359,0,,
6244188173,Sladki vrh,1176,14.3980132,45.6522494,0,,
2526459393,Lom,1176,14.0016239,46.1781411,0,,
4972661946,Martinj turn,1175,14.6158039,46.3194466,0,,
1594992985,Krišranov vrh,1175,14.9297709,46.4537893,0,,
4687551181,Kotel,1175,13.8538299,46.1713787,0,,
6532714714,Resovec,1174,14.6842508,46.397914,0,,
4845702187,Suhi vrh,1171,14.3254639,45.590099,0,,
4720150823,Tolsti vrh,1170,14.9643166,46.1923151,0,,
2836467805,Planina,1170,14.3365145,45.6122035,0,,
2836203754,Konj,1170,14.3475008,45.5962121,0,,
2365859041,Konfinov vrh,1169,14.0507574,46.2813722,0,,
6244182822,Javorje,1169,14.3924088,45.6917623,0,,
5951964011,Skrajni vrh,1165,14.4229774,45.6745303,0,,
5951965978,Vratenski hribi,1164,14.4191416,45.6524033,0,,
429966623,Kremžarjev vrh,1164,15.1341833,46.5296705,0,,
6244188174,Bilčev hrib,1163,14.3549075,45.6669286,0,,
2836467802,Palez,1163,14.3589109,45.612697,0,,
2526253575,Plesnarca,1162,14.0331915,46.3167011,0,,
5426820509,Križna gora,1162,14.0537662,45.8723982,0,,
2526253593,Rjavi vrh,1158,14.0058471,46.3735836,0,,
7820591429,Ritovščica,1156,13.9619989,46.1556045,0,,
495961409,Jancerijski vrh,1155,13.7814909,45.953061,1,Marcel Jurec,18.09 km
1595061499,Godčev vrh,1153,14.9386649,46.4978867,0,,
2836467806,Postenjšek,1152,14.3614322,45.6175196,0,,
2526253590,Rjavi vrh,1152,14.0767618,46.3191921,0,,
2526459376,Durnik,1152,13.9413177,46.1779351,0,,
4845702186,Čačetov vrh,1151,14.333523,45.5710879,0,,
2914618281,Rjavec,1149,13.9122565,46.3176944,0,,
5810294331,Pikov vrh,1149,14.8414568,46.4958963,0,,
3875163550,Hudournik,1148,13.8788512,46.0592344,0,,
260052046,Mariborski razglednik (Cigelnica),1147,15.5652639,46.5119139,0,,
1732800944,Starijski vrh,1147,13.5476311,46.2609013,8,Jodi Kelt,69.23 km
2526459394,Luken,1146,13.8612335,46.2010322,0,,
2836467495,Luknja,1146,14.3390679,45.5921298,0,,
4841547034,Suhi hrib,1146,13.869505,45.9577982,0,,
2836203744,Goljak,1145,14.3970466,45.5181277,11,Andrej Erznoznik,60.79 km
6244188175,Jesenovec,1145,14.3754385,45.6816039,0,,
1373321729,Goteniški vrh,1143,14.71325,45.6234136,0,,
2836203747,Hrbce,1142,14.3747467,45.6750745,0,,
6085241832,Škrbina,1142,14.491462,46.3129508,0,,
60692917,Reški vrh,1142,15.54295,46.5048889,0,,
2517534818,Colle Scenschi di sotto,1139,13.7142923,46.506857,0,,
7141035870,Trinški vrh / Monte Piatto cima est,1138,13.6570734,46.1862805,0,,
1560190198,Monte Piatto cima ovest / Trinški Vrh,1138,13.6510648,46.1873059,0,,
2526459468,Znojilski vrh,1137,13.9107124,46.1917526,0,,
1883527445,Javorjev gric',1137,14.0966567,45.8708047,0,,
2836467815,Veliki hribec,1136,14.36756,45.6664299,0,,
5249287406,Veliki vrh,1134,14.6912307,45.7128883,0,,
1846906415,Gomanska gora,1134,14.4158703,45.5102366,0,,
7162059251,Mali Gregorjevec,1134,14.1701591,46.304572,0,,
6532714715,Sušna,1134,14.6955434,46.4012188,0,,
587914902,Javor,1133,15.0164885,46.1826537,2,Jernej Juvan,26.09 km
495961411,Strgarika,1132,13.7889574,45.9904536,0,,
6247157583,Baba,1129,14.4632971,46.3104822,0,,
2401471764,Špičasti vrh,1128,13.9977404,45.9269417,0,,
2526253482,Babji zob,1128,14.0737847,46.3283731,0,,
1594993008,Permanški vrh,1127,14.8884995,46.4482719,0,,
3885944451,Mala Boncla,1126,14.1038605,46.4524571,0,,
3911113200,Pretovč,1124,13.6943915,46.2265142,0,,
2704978310,Lonica,1124,14.2760719,45.7258067,0,,
3838316556,Žmitkov špic,1124,14.4907392,46.4000647,0,,
3764308288,Hud konec,1123,14.5990686,46.2926792,0,,
4775017297,Smokuški vrh,1122,14.183803,46.3942644,0,,
3877053775,Kopica,1122,13.7829408,45.9736331,0,,
2526253518,Kogel,1122,14.0353556,46.4627349,0,,
5669867575,Krokar,1122,14.7717922,45.5367397,0,,
4643983185,Bela stena,1122,14.7198301,45.6922792,0,,
497315093,Mrzlica,1122,15.1074494,46.1875175,1,Mitja Jancic,41.24 km
5249287405,Ostri vrh,1121,14.6722022,45.7236268,0,,
2836467819,Vrh Vil,1121,14.347474,45.6302279,0,,
2836467813,Travni vrh,1120,14.3501562,45.6191021,0,,
2526459383,Kalarsko brdo,1120,13.9514612,46.2129125,0,,
2836203748,Hudičev hrib,1118,14.3403286,45.6559342,0,,
4666703780,Kalični vrh,1117,14.6339995,45.7251375,0,,
1595044272,Arničev vrh,1116,14.7784983,46.3370792,0,,
474842512,Monte Poclabuz / Na Gradu,1114,13.6594926,46.1836393,0,,
1330277047,Velika Slivnica,1114,14.4080631,45.790115,39,Andrej Erznoznik,133.10 km
2836467807,Požupov hrib,1113,14.3497699,45.6242144,0,,
4687551186,Lačno brdo,1111,13.8869739,46.1745994,0,,
2704978312,Mali Kožljek,1110,14.3119814,45.7396977,0,,
2836467808,Požupov vrh,1110,14.352023,45.6269556,0,,
2836203758,Črni vrh,1110,14.3439442,45.6424749,0,,
3688015946,Obli vrh,1109,13.930018,45.9277023,0,,
1330277051,Špik,1108,15.1865847,46.387253,0,,
4687551183,Koblar,1107,13.9160115,46.1969571,0,,
124222044,Krim,1107,14.4712925,45.928586,0,,
6174808770,Hotunjski vrh,1107,14.0406692,46.3652174,0,,
2704978322,Sveta Trojica,1106,14.2713437,45.7251276,0,,
6183775849,Kalun,1106,14.3270125,45.7564534,0,,
7342896639,Jelenk,1106,13.9884496,46.0539368,0,,
7804965719,Čelkov vrh,1106,14.0490613,45.9130501,0,,
2572302702,Malinovec,1105,14.4705552,45.922098,0,,
2526459529,Šoštarjev kovk,1105,14.057579,46.1995004,0,,
4856949983,Bičkarjev vrh,1105,14.0323299,46.1716014,0,,
1371745744,Lačnik,1103,14.4008569,45.7025126,0,,
7218753685,Kozjek,1101,14.4262515,46.3235677,1,Paulius Jonaitis,11.20 km
286946834,Velika Milanja,1099,14.3095853,45.5944755,0,,
4876768338,Mešenik,1099,14.5997623,46.3260183,0,,
5120672729,Veliki Malinjek,1099,14.5181536,45.8829284,0,,
6276894647,Veliki Rog,1099,14.9949581,45.6852626,0,,
2529299534,Breza,1096,13.5697848,46.1927824,0,,
3952894372,Jelenkamen,1096,14.0770742,46.4391202,0,,
2365859038,Hribarica,1096,14.0071198,46.3108196,0,,
2836203750,Javor,1095,14.3488258,45.6025153,0,,
2526459398,Mlečni rob,1094,13.8576625,46.1900627,0,,
2836467499,Nemcov vrh,1093,14.3397063,45.6459242,0,,
4513289458,Kršičevec,1092,14.3331161,45.6652928,0,,
3902613630,Stenica,1091,15.3120141,46.3671357,0,,
1139218401,Gozdnik,1090,15.1525976,46.1924886,0,,
1594992983,Kavšakov vrh,1089,14.881546,46.4696576,0,,
5318462941,Sužni rovt,1088,14.0362421,45.7951124,0,,
4845702184,Devin,1088,14.3161047,45.5772696,0,,
346238420,Medvižica,1087,14.0634735,45.4953085,0,,
2364404008,Groblje,1086,14.106958,46.2157736,0,,
2365859069,Vancovec,1085,14.1537499,46.202102,0,,
2704978291,Baba,1085,14.2742096,45.7536362,0,,
1575646801,Gumanačka,1083,14.4068782,45.5033282,0,,
346239055,Razsušica (Glavičorka),1083,14.0592439,45.4938559,0,,
2526459416,Ruta,1082,13.7457723,46.2237592,1,Paolo Miani,17.18 km
5758151208,Vratni vrh,1081,14.3363855,46.3833446,0,,
6181683162,Jecola,1080,14.1757232,46.3968628,0,,
2704978309,Linski vrh,1079,14.2934834,45.7411697,0,,
2526253597,Sladka gora,1079,14.0216857,46.3166263,0,,
6165391554,Griža,1078,14.0683518,45.4922916,0,,
4506192792,Jeplenči vrh,1075,14.3201561,45.7148159,0,,
5214527479,Smolnik,1075,14.1443001,46.419915,0,,
4506192791,Debela gora,1075,14.3158019,45.7048232,0,,
1595044314,Virtičev vrh,1074,14.9713392,46.4461368,0,,
2365859067,Smrekovnik,1074,14.1117662,46.1814937,0,,
5249286309,Ledenik,1073,14.8206655,45.6311451,0,,
7818238336,Veliki vrh,1071,13.7799002,46.1070341,0,,
7490024804,Lašček,1071,13.772968,46.0790514,0,,
4687551187,Koriška gora,1070,13.8859547,46.1721254,0,,
4687551182,Jehle,1070,13.9186642,46.1990067,0,,
5748989277,Slevec,1070,14.7469893,46.2357021,0,,
2836467497,Mašun,1070,14.3701655,45.6310326,0,,
847700202,Planina,1069,14.336618,45.6121955,0,,
4687551185,Vrh Kozjic,1068,13.8918073,46.1791385,0,,
4388675665,Ključevica,1067,15.0891385,46.0887482,0,,
2340970432,Črni vrh,1066,13.7815686,46.015922,0,,
3915052060,Monte Lubia / Ljubija,1063,13.441518,46.2116963,0,,
4863855508,Mrzli vrh,1061,14.1277442,46.1828248,0,,
7853140895,Belski vrh,1059,14.7258753,45.5790981,0,,
5111835644,Mokrec,1058,14.5269941,45.8938606,0,,
5249287404,Glavica,1057,14.6752586,45.6959847,0,,
2526459390,Lajte,1056,13.8985429,46.2125806,0,,
2539105944,Ostrič,1056,14.0734878,45.491449,0,,
2526459381,Jastrenk,1055,14.0662459,46.1815005,0,,
2704978320,Sovič,1054,14.2965104,45.7296067,0,,
2526459463,Vodel,1053,13.7223916,46.2074108,14,Thomas Hofbauer,66.51 km
2364403998,Lajtnik,1053,14.0722824,46.2169926,0,,
2704978307,Kožjek,1052,14.3366321,45.737345,0,,
4255964775,Črni vrh,1052,13.9833088,46.2061754,0,,
3113791263,Klementkogel,1052,15.2440019,46.6417787,0,,
4506088638,Kutlovca,1052,14.2866436,45.7284245,0,,
4721971742,Zmrzlakova Medvednica,1051,15.0187801,46.1843239,0,,
1330277033,Bevkov vrh,1051,14.0068259,46.086652,0,,
2365859049,Malenski vrh,1051,14.1527745,46.1566477,0,,
4659317484,Mirna gora,1051,15.0949509,45.6317831,0,,
2526459480,Obloško brdo,1051,13.8985539,46.1814724,0,,
5247581361,Kamenica,1050,14.466509,45.901182,0,,
2526459391,Lisec,1046,13.8354977,46.2014005,0,,
2526459388,Kup,1046,13.9901982,46.220009,0,,
4666703779,Krajčev vrh,1046,14.6422356,45.7215935,0,,
4687295275,Mariborsko Pohorje,1042,15.5782311,46.5153389,98,Andrej Erznožnik,76.01 km
2704978304,Kamena gora,1040,14.2740341,45.7481494,0,,
36439170,Bellevue,1040,15.5794708,46.5158827,98,Andrej Erznožnik,76.01 km
4720150839,Jelenov rog,1039,14.9486893,46.1875082,0,,
2526253644,Špik,1038,14.038205,46.3716526,0,,
5249287398,Sušje,1038,14.635687,45.7074424,0,,
3912711746,Platena,1038,13.6659141,46.1810864,0,,
4687551184,Na vrhu,1037,13.9025147,46.1859966,0,,
4845702185,Župnica,1037,14.3108915,45.5735947,0,,
4234756104,Čela,1036,14.3375429,45.7538615,0,,
4193209174,Mestni vrh,1035,14.8509983,45.6200083,0,,
5106331926,Krvavški grič,1033,14.5199164,45.8769057,0,,
4836646856,Mala gora,1032,13.8511765,45.922119,0,,
5249287399,Ogenca,1031,14.6351016,45.6993563,0,,
4845701670,Bele ovce,1030,14.3013559,45.5957112,0,,
588982927,Kisovec,1029,15.0023153,46.1909018,0,,
5249287403,Veliki Marinovec,1029,14.6565751,45.7312868,0,,
2914618228,Kamen,1028,13.9008925,46.3013901,0,,
381869107,Slavnik,1028,13.9759258,45.5338932,0,,
2431252658,Velika Vremščica,1027,14.0616395,45.68828,0,,
549992288,Kozlova gora,1027,15.0450002,46.0932036,0,,
7818238335,Štosovec,1027,13.7672274,46.1004342,0,,
2526459396,Masovnik,1026,13.8172503,46.2143692,0,,
7478769877,Ermanovec,1026,14.0632644,46.1012646,0,,
2526253551,Mirca,1025,14.0543635,46.4449928,0,,
2368121704,Lubnik,1025,14.2611534,46.1710695,0,,
6205647922,Kopa,1024,14.49323,46.291934,1,Jirka T,8.89 km
6240319994,Medvednica,1024,14.4278822,45.7954919,0,,
282528795,Veliki Javornik,1023,15.4283746,46.0677779,0,,
5249287400,Solniški vrh,1023,14.6515919,45.7056674,0,,
2526459472,Zaklančarjev kovk,1022,14.0495806,46.1768995,0,,
2371007470,Tošč,1021,14.3212737,46.0974136,0,,
7818238337,Špile,1020,13.7792929,46.1144287,0,,
2966265139,Pasja ravan,1020,14.2290748,46.0979195,0,,
4445305687,Maj,1020,14.0804322,45.7914026,0,,
1914049472,Sv. Lovrenc,1019,14.1672986,45.8390281,0,,
1914048765,Špilnik,1018,14.1887569,45.84154,0,,
963533686,Bricnik,1017,15.1669107,46.6358273,0,,
4659607501,Kamni grič,1017,14.6170117,45.7293069,0,,
2517444116,Vodnikov Razglednik,1017,13.9769087,46.3021463,0,,
5749472207,Stantnarjev vrh,1016,14.8923532,46.598564,0,,
1914047097,Volčji vrh,1016,14.1932177,45.8472665,0,,
2704979083,Volčji vrh,1014,14.2628378,45.7681611,0,,
4845702174,Lunjevica,1014,14.3090207,45.5863557,0,,
4845702188,Suha reber,1013,14.320906,45.5958111,0,,
3902613632,Stolpnik,1012,15.3681799,46.334514,0,,
4845369945,Laze,1012,13.8864709,45.9508675,0,,
588982919,Partizanski vrh,1011,15.0221744,46.1773029,2,Jernej Juvan,9.74 km
1914040504,Stranski vrh,1009,14.1976351,45.851647,0,,
7813299749,Sivka,1008,14.0477714,46.0572081,0,,
4040000506,Bezimeni vrh,1006,15.3381015,45.7642645,0,,
4845702183,Peščina,1006,14.3100832,45.5823623,0,,
6244188170,Ostri vrh,1005,14.4137966,45.6876442,0,,
1914047568,Lipovec,1005,14.1955768,45.8422537,0,,
5120672730,Lomnik,1005,14.5293117,45.8808744,0,,
5247581365,Koren,1005,14.4630718,45.9156313,0,,
5951970481,Lamovšek,1004,14.3600089,45.7035327,0,,
4845369940,Blaškov hrib,1004,13.8935324,45.947359,0,,
4863855135,Drnova,1004,14.0143276,46.1512677,0,,
273881563,Sinji vrh,1002,13.9373158,45.9083054,0,,
2914618302,Studor,1002,13.9074997,46.2955449,0,,
5249286306,Suhi hrib,1002,14.8587905,45.6015611,0,,
1758162862,Grmada,1001,13.9673567,45.5387221,0,,
5120672728,Mali Malinjek,1001,14.5141289,45.8871707,0,,
6982954064,Ravna gora,1001,15.3498576,45.7693463,0,,
